Brian_Westley,1987_westley,1988_westley,1989_westley,1990_westley,1991 westley,1992_westley,1994_westley,1996_westley,2001_westley,
Cody_Boone_Ferguson,2018_ferguson,2020_ferguson1,2020_ferguson2,
David_Korn,1987_korn,
Don_Yang,2015_yang,2018_yang,2019_yang,2020_yang,
Jack_Applin,1985_applin,1986_applin,1988_applin,
Matt_Zucker,2011_zucker,
Ondrej_Adamovsky,2019_adamovsky,
Aaron_Grothe
Adar_Zeitak
Adrian_Cable
Adrian_Mariano
Aidan_Thornton
Alan_De_Smet
Albert_van_der_Horst
Alex_Deckmyn
Alexander_Prishchepov
Anders_Gavare
Andrea_Marangoni
Andreas_Gustafsson
Andrew_Shapiro
Andy_Sloane
Anthony_C_Howe
Anton_Algmyr
Arch_D_Robison
Arne_Heizmann
Baruch_Nissenbaum
Bas_de_Bakker
Ben_Lynn
Bernd_Meyer
Brent_Burley
Bruce_Holloway
Byron_Rakitzis
Carl_Banks
Carl_Shapiro
Carlos_Duarte
Cel_Skeggs
Chris_King
Christian_Dupont
Christopher_Mills
Christopher_Night
Col_G_L_Sicherman
Craig_Schneiderwent
Daniel_Fischer
Daniel_Vik
Dave_Burton
Dave_Decot
David_Applegate
David_Gibson
David_Goodenough
David_Madore
David_Van_Brackle
Dean_Swift
Derek_Anderson
Diomidis_Spinellis
Dominik_Muth
Don_Dodson
Doron_Osovlanski
Doug_Beardsley
E_Jay_Berkenbilt
Ed_Luke
Ed_Lycklama
Edward_Giles
Edward_Rosten
Eric_Marshall
Eryk_Kopczynski
Esko_Nuutila
Etienne_Duble
Fabrice_Bellard
Ferenc_Deak
Francois_Boutines
Frans_van_Dorsselaer
Freek_Wiedijk
Garry_Glendown
Gavin_Barraclough
Gavin_Buttimore
Gil_Dogon
Glyn_Anderson
Gopi_Reddy
Gregor_Richards
Heather_Downs
Ian_Collier
Ian_Phillipps
Ilya_Kurdyukov
Immanuel_Herrmann
J_David_Lowe
James_A_Woods
James_Bonfield
Jan_Stein
Jari_Arkko
Jason_Orendorff
Jay_Vosburgh
Jeff_Newbern
Jeff_Weisberg
Jens_Schweikhardt
Jetro_Lauha
Jim_Hague
John_Dalbec
John_Tromp
John_Williams
Jon_Thingvold
Jonathan_Hoyle
Joshua_Karns
Jyrki_Holopainen
Ken_Huffman
Kevin_Pulo
Kimmo_Fredriksson
Larry_Jones
Larry_Wall
Laurion_Burchall
Lennart_Augustsson
Leonid_A_Broukhis
Lord_Zarbon
Maarten_Litmaath
Marcin_Ciura
Mark_Biggar
Mark_Isaak
Mark_Plummer
Mark_Schnitzius
Mary_Ann_Horton
Maurizio_Monge
Mauro_Persano
Michael_Ash
Michael_Birken
Michael_H_Pawka
Michael_Savastio
Mike_Laman
Moxen_N_Briddlebane
NATORI_Shin
Nathan_Otterness
Nathan_Sidwell
Neil_Mix
Nicholas_Carlini
Nick_Johnson
Nicolas_Ollinger
Ora_Lassila
Oscar_Toledo
Oskar_von_der_Luehe
Paul_Dale
Paul_E_Black
Paul_Eggert
Paul_Heckbert
Peter_Eastman
Peter_J_Ruczynski
Peter_Klausler
Philip_Blakely
Qiming_HOU
Raphael_Meyer
Raymond_Cheong
Robbert_van_Renesse
Robert_Heckendorn
Roemer_B_Lievaart
Ron_McFarland
Sandro_Maffiodo
Scott_Vokes
Sean_Barrett
Sean_Dorward
Sebastian_Deorowicz
Selene_Makarios
Seonghoon_Kang
Shinichiro_Hamaji
Sjoerd_Mullender
Spencer_Hines
Steinar_Hamre
Stephen_Sykes
Stig_Hemmer
Szabolcs_Borsanyi
Szymon_Rusinkiewicz
Taketo_Konno
Teemu_Rantanen
Tero_Kivinen
Thaddaeus_Frogley
Thomas_A_Fine
Thomas_P_John
Thomas_Stewart
Thor_Eldby
Timo_Poikola
Tony_Finch
Tsukasa_Hamano
Uri_Goren
V_Chia
Vern_Paxson
Vincent_Weaver
Walter_Bright
Yusuke_Endoh
_tsoj
bsoup
